id,no. of individual chains,no. of chains,global symmetry,symmetry type,stochiometry
1A8R,1,10,D5,dihedral,A10
1AVO,2,14,C7,cyclic,A7B7
1BCF,1,24,O,octahedral,A24
1BHC,1,10,D5,dihedral,A10
1D0I,1,12,T,tetrahedral,A12
1DPS,1,12,T,tetrahedral,A12
1DW9,1,10,D5,dihedral,A10
1F1H,1,12,D6,dihedral,A12
1G0U,14,28,C2,cyclic,A2B2C2D2E2F2G2H2I2J2K2L2M2N2
1G63,1,12,T,tetrahedral,A12
1GH0,12,12,D3,dihedral,A6B6
1H2I,1,11,C11,cyclic,A11
1HKX,1,14,D7,dihedral,A14
1I50,10,10,C1,asymmetric,A1B1C1D1E1F1G1H1I1J1
1IJG,1,12,C12,cyclic,A12
1IRU,14,28,C2,cyclic,A2B2C2D2E2F2G2H2I2J2K2L2M2N2
1IS7,2,20,D5,dihedral,A10B10
1IWA,2,16,D4,dihedral,A8B8
1JYM,1,10,C2,cyclic,A10
1KB9,11,11,C1,asymmetric,A1B1C1D1E1F1G1H1I1J1K1
1KP8,1,14,D7,dihedral,A14
1KYO,12,23,C1,asymmetric,A2B2C2D2E2F2G2H2I2J2K2L1
1L0L,11,11,C1,asymmetric,A1B1C1D1E1F1G1H1I1J1K1
1L6W,1,10,D5,dihedral,A10
1M3U,1,10,D5,dihedral,A10
1M5Q,1,14,C7,cyclic,A14
1MFR,1,24,O,octahedral,A24
1N8J,1,10,D5,dihedral,A10
1NGK,1,12,D3,dihedral,A12
1NLX,1,14,C1,asymmetric,A14
1PCQ,2,21,C7,cyclic,A14B7
1Q5Q,2,14,C7,cyclic,A7B7
1Q95,2,12,D3,dihedral,A6B6
1QAW,1,11,C11,cyclic,A11
1RBL,1,16,D4,dihedral,A8B8
1RVV,1,30,C2,cyclic,A30
1S3Q,1,24,T,tetrahedral,A24
1TH7,1,14,D7,dihedral,A14
1TR0,1,12,D6,dihedral,A12
1TYF,1,14,D7,dihedral,A14
1VDM,1,12,D3,dihedral,A12
1VF7,1,13,H,helical,A13
1X0P,1,10,D5,dihedral,A10
1X0R,1,10,D5,dihedral,A10
1X9F,4,12,C3,cyclic,A10
1YKK,2,24,T,tetrahedral,A12B12
1Z6O,2,24,T,tetrahedral,A12B12
2A3W,1,10,D5,dihedral,A10
2BL2,1,10,C10,cyclic,A10
2BX9,1,12,T,tetrahedral,A12
2C41,1,12,T,tetrahedral,A12
2D3A,1,10,D5,dihedral,A10
2DD4,3,12,D2,dihedral,A4B4C4
2DJW,1,10,D5,dihedral,A10
2E6G,1,12,C1,asymmetric,A12
2EWC,1,12,C1,asymmetric,A12
2FKD,1,14,D7,dihedral,A14
2G9T,1,12,T,tetrahedral,A12
2GRE,1,12,T,tetrahedral,A12
2NV2,2,24,D6,dihedral,A12B12
2OBX,1,10,D5,dihedral,A10
2P1B,1,10,D5,dihedral,A10
2QJG,1,10,D5,dihedral,A10
2V18,1,12,T,tetrahedral,A12
2V5H,2,12,D3,dihedral,A6B6
2V7Q,6,10,C1,asymmetric,A3B3C1D1E1F1
2VYC,1,10,D5,dihedral,A10
2VYR,2,12,C1,asymmetric,A8B4
2WCV,1,10,D5,dihedral,A10
2WYR,1,12,T,tetrahedral,A12
2X2V,1,13,C13,cyclic,A13
2YMD,1,10,D5,dihedral,A10
3A2C,1,12,T,tetrahedral,A12
3BFJ,1,10,D5,dihedral,A10
3BJQ,1,10,D5,dihedral,A10
3DTD,1,12,T,tetrahedral,A12
3FP9,1,12,D6,dihedral,A12
3HHW,2,20,C10,cyclic,A10B10
3JVO,1,13,C13,cyclic,A13
3K6C,1,10,D5,dihedral,A10
3KIF,1,10,C1,asymmetric,A10
3LAY,1,10,D5,dihedral,A10
3M0W,1,10,D5,dihedral,A10
3M1A,1,10,D5,dihedral,A10
3MQ7,1,12,C1,asymmetric,A12
3N99,1,10,D5,dihedral,A10
3OJ5,1,24,O,octahedral,A24
3ONR,1,12,T,tetrahedral,A12
3OOQ,1,10,D5,dihedral,A10
3R90,1,12,D6,dihedral,A12
3TOS,1,10,D5,dihedral,A10
3TXQ,1,11,C11,cyclic,C11
3U6X,2,12,C3,cyclic,A9B3
3VG8,1,20,D5,dihedral,A20
3ZIA,6,10,C1,dihedral,A3B3C1D1E1F1
3ZK1,1,11,C11,cyclic,A11
3ZNU,1,10,D5,dihedral,A10
3ZQM,1,10,C10,cyclic,A10
4BHU,1,10,C2,cyclic,A10
4C2M,15,15,C1,asymmetric,A1B1C1D1E1F1G1H1I1J1K1L1M1N1O1
4EJ0,1,10,D5,dihedral,A10
4F4S,1,10,C10,cyclic,A10
4IC1,1,10,D5,dihedral,A10
4JPN,1,10,C10,cyclic,A10
4K2J,1,10,D5,dihedral,A10
4RAP,1,12,D6,dihedral,A12
4RDQ,3,15,C5,cyclic,A5B5C5
4RSU,2,12,C2,cyclic,A6B6
5AA5,2,12,D3,dihedral,A6B6
5B04,5,10,C2,cyclic,A2B2C2D2E2
5BSE,1,10,D5,dihedral,A10
5CW7,2,16,C2,cyclic,A8B8
5F2Q,1,10,D5,dihedral,A10
5J09,1,10,D5,dihedral,A10
5JQL,2,12,D3,dihedral,A6B6
5JYX,1,10,D5,dihedral,A10
5K2M,4,14,C1,asymmetric,A8B2C2D2
5LK5,1,10,C1,asymmetric,A10
5N5E,1,10,D5,dihedral,A10
5NFR,1,16,C2,cyclic,A16
5ODC,6,12,C2,cyclic,A2B2C2D2E2F2
5OVS,1,14,D7,dihedral,A14
5T11,1,12,C12,cyclic,A12
5TRM,1,24,O,octahedral,A24
5UK3,1,10,D5,dihedral,A10
5XPB,1,10,H,helical,A10
6E7D,2,12,D2,dihedral,A8B4
6ESQ,3,12,D2,dihedral,A4B4C4
6FWH,1,24,O,octahedral,A24
6G94,3,10,C2,cyclic,A4B4C2
6GRJ,1,10,C5,cyclic,A10
6J0B,2,24,C6,cyclic,A12B12
6JCV,1,12,T,tetrahedral,A12
6KRB,1,12,T,tetrahedral,A12
6KWY,15,29,C1,asymmetric,A2B2C2D2E2F2G2H2I2J2K2L2M2N2O1
6LNI,1,10,C2,cyclic,A10
6LQH,2,18,C9,cyclic,A9B9
6M3X,1,24,O,octahedral,A24
6MRT,1,12,C12,cyclic,A12
6MST,1,12,C2,cyclic,A12
6N3P,2,12,D3,dihedral,A6B6
6NHT,2,24,T,tetrahedral,A12B12
6OFG,1,18,H,helical,A18
6OSJ,1,10,C2,cyclic,A10
6OVH,1,12,T,tetrahedral,A12
6PYT,2,24,C6,cyclic,A12B12
6QLV,2,12,T,tetrahedral,A4B4
6QSU,2,24,T,tetrahedral,A12B12
6RD7,9,18,C1,asymmetric,A10B1C1D1E1F1G1H1I1
6RDB,7,20,C1,asymmetric,A10B3C3D1E1F1G1
6RKE,2,12,D3,dihedral,A6B6
6RO0,5,12,C2,cyclic,A4B2C2D2E2
6S5L,1,12,C1,asymmetric,A12
6SDZ,1,11,C1,asymmetric,A11
6SQR,3,12,C1,asymmetric,A4B4C4
6SSI,2,10,C5,cyclic,A5B5
6UIW,1,11,C11,cyclic,A11
6UWR,1,14,C7,cyclic,A14
6W6M,1,14,C14,cyclic,A14
6WBN,1,14,D7,dihedral,A14
6X04,2,12,D3,dihedral,A6B6
6YBQ,2,12,D3,dihedral,A6B6
6Z16,7,14,C2,cyclic,A2B2C2D2E2F2G2
6Z1F,3,22,C1,asymmetric,A8B8C6
6ZEE,2,12,C2,cyclic,A6B6
6ZK9,18,18,C1,asymmetric,A1B1C1D1E1F1G1H1I1J1K1L1M1N1O1P1Q1R1
6ZKB,29,29,C1,asymmetric,A1B1C1D1E1F1G1H1I1J1K1L1M1N1O1P1Q1R1S1T1U1V1W1X1Y1Z1a1b1c1
7AJP,1,12,C1,asymmetric,A12
7C4J,11,12,C1,asymmetric,A2B1C1D1E1F1G1H1I1J1K1
7CGE,4,12,C2,cyclic,A6B2C2D2
7JJP,1,12,D6,dihedral,A12
7JKC,1,12,D6,dihedral,A12
7JQZ,1,10,D5,dihedral,A10
7JZ2,4,12,C3,cyclic,A3B3C3D3
7NRQ,1,10,C2,cyclic,A10
